{
    "1": {
        "1号": {
            "510": {
                "id": 1,
                "name": "1号",
                "zhanli": 510,
                "goods": [
                    1001,
                    1003,
                    1005
                ]
            },
            "566": {
                "id": 1,
                "name": "1号",
                "zhanli": 566,
                "goods": [
                    2001,
                    2003,
                    2005
                ]
            }
        },
        "2号": {
            "810": {
                "id": 1,
                "name": "2号",
                "zhanli": 810,
                "goods": [
                    2001,
                    2003,
                    2005
                ]
            }
        },
        "3号": {
            "1110": {
                "id": 1,
                "name": "3号",
                "zhanli": 1110,
                "goods": [
                    1001,
                    1003,
                    1006
                ]
            }
        }
    },
    "4": {
        "4号": {
            "1410": {
                "id": 4,
                "name": "4号",
                "zhanli": 1410,
                "goods": [
                    2001,
                    2003,
                    2006
                ]
            }
        },
        "5号": {
            "1710": {
                "id": 4,
                "name": "5号",
                "zhanli": 1710,
                "goods": [
                    1001,
                    1003,
                    1007
                ]
            },
            "1222": {
                "id": 4,
                "name": "5号",
                "zhanli": 1222,
                "goods": [
                    2001,
                    2003,
                    2006
                ]
            }
        },
        "6号": {
            "2010": {
                "id": 4,
                "name": "6号",
                "zhanli": 2010,
                "goods": [
                    2001,
                    2003,
                    2007
                ]
            },
            "1710": {
                "id": 4,
                "name": "6号",
                "zhanli": 1710,
                "goods": [
                    2333
                ]
            }
        }
    },
    "7": {
        "7号": {
            "2310": {
                "id": 7,
                "name": "7号",
                "zhanli": 2310,
                "goods": [
                    1001,
                    1003,
                    1008
                ]
            }
        },
        "8号": {
            "2610": {
                "id": 7,
                "name": "8号",
                "zhanli": 2610,
                "goods": [
                    2001,
                    2003,
                    2008
                ]
            }
        }
    },
    "9": {
        "9号": {
            "2910": {
                "id": 9,
                "name": "9号",
                "zhanli": 2910,
                "goods": [
                    1001,
                    1003,
                    1009
                ]
            }
        }
    }
}