{
    "1": {
        "id": 1,
        "name": "1号",
        "zhanli": 510,
        "goods": [
            1001,
            1003,
            1005
        ]
    },
    "2": {
        "id": 2,
        "name": "2号",
        "zhanli": 810,
        "goods": [
            2001,
            2003,
            2005
        ]
    },
    "3": {
        "id": 3,
        "name": "3号",
        "zhanli": 1110,
        "goods": [
            1001,
            1003,
            1006
        ]
    },
    "4": {
        "id": 4,
        "name": "4号",
        "zhanli": 1410,
        "goods": [
            2001,
            2003,
            2006
        ]
    },
    "5": {
        "id": 5,
        "name": "5号",
        "zhanli": 1710,
        "goods": [
            1001,
            1003,
            1007
        ]
    },
    "6": {
        "id": 6,
        "name": "6号",
        "zhanli": 2010,
        "goods": [
            2001,
            2003,
            2007
        ]
    },
    "7": {
        "id": 7,
        "name": "7号",
        "zhanli": 2310,
        "goods": [
            1001,
            1003,
            1008
        ]
    },
    "8": {
        "id": 8,
        "name": "8号",
        "zhanli": 2610,
        "goods": [
            2001,
            2003,
            2008
        ]
    },
    "9": {
        "id": 9,
        "name": "9号",
        "zhanli": 2910,
        "goods": [
            1001,
            1003,
            1009
        ]
    }
}